,city_name,date,latitude,longitude,temp,humidity,cloudiness,wind,country
0,tuktoyaktuk,1600657338,69.45,-133.04,37.4,86,90,19.46,CA
1,cidreira,1600657339,-30.18,-50.21,49.57,56,0,4.29,BR
2,dzerzhinskoye,1600657339,56.83,95.23,55.27,82,90,7.07,RU
3,lumsden,1600657303,50.65,-104.87,57.06,93,90,24.16,CA
4,salinas,1600657051,36.68,-121.66,61.83,82,1,11.41,US
5,kahului,1600657340,20.89,-156.47,81.59,49,40,21.92,US
6,jamestown,1600657340,42.1,-79.24,46.98,53,1,10.29,US
7,kodiak,1600657340,57.79,-152.41,51.8,71,1,11.41,US
8,khatanga,1600657341,71.97,102.5,46.99,70,39,8.41,RU
9,ornskoldsvik,1600657342,63.29,18.72,44.6,75,100,6.93,SE
10,funehiki,1600657342,37.43,140.58,70.99,64,75,13.87,JP
11,san patricio,1600657342,19.22,-104.7,81.14,78,92,7.43,MX
12,yellowknife,1600657207,62.46,-114.35,49.41,76,20,3.36,CA
13,monroe,1600657343,43.15,-77.68,41.7,77,0,6.17,US
14,rikitea,1600657287,-23.12,-134.97,72.66,76,46,22.66,PF
15,steamboat springs,1600657216,40.48,-106.83,52.79,38,1,5.82,US
16,cap malheureux,1600657344,-19.98,57.61,73.0,69,95,10.0,MU
17,ixtapa,1600657344,20.7,-105.2,80.31,88,75,3.56,MX
18,nouadhibou,1600657344,20.93,-17.03,77.0,78,99,9.17,MR
19,upernavik,1600657345,72.79,-56.15,29.05,90,97,8.48,GL
20,bastia,1600657345,42.67,9.33,66.96,88,20,5.82,FR
21,mount gambier,1600657345,-37.83,140.77,60.8,51,62,21.92,AU
22,ushuaia,1600657112,-54.8,-68.3,42.8,82,75,6.93,AR
23,nolinsk,1600657346,57.56,49.94,35.85,92,93,8.41,RU
24,port elizabeth,1600657346,-33.92,25.57,55.4,71,20,16.11,ZA
25,la rioja,1600657347,42.25,-2.5,60.8,93,40,4.7,ES
26,cape town,1600657219,-33.93,18.42,52.3,76,40,6.93,ZA
27,hobart,1600656594,-42.88,147.33,64.44,39,20,18.34,AU
28,ponta do sol,1600657347,32.67,-17.1,66.0,77,40,4.7,PT
29,longyearbyen,1600657275,78.22,15.64,35.6,69,75,19.46,SJ
30,sept-iles,1600657348,50.2,-66.38,30.2,92,5,3.36,CA
31,tasiilaq,1600657348,65.61,-37.64,26.78,88,100,6.91,GL
32,beringovskiy,1600657349,63.05,179.32,42.91,71,80,20.62,RU
33,hermanus,1600656788,-34.42,19.23,50.0,91,99,1.01,ZA
34,puerto ayora,1600657349,-0.74,-90.35,66.24,89,100,8.84,EC
35,naze,1600657349,28.37,129.48,81.48,78,75,19.46,JP
36,timmins,1600657350,48.47,-81.33,51.8,76,40,6.93,CA
37,saint-philippe,1600657350,-21.36,55.77,59.83,68,41,11.41,RE
38,hilo,1600657243,19.73,-155.09,79.61,54,1,8.05,US
39,greve strand,1600657350,55.58,12.3,53.26,100,1,2.37,DK
40,busselton,1600657351,-33.65,115.33,54.61,74,87,5.01,AU
41,punta arenas,1600656641,-53.15,-70.92,42.4,81,100,12.75,CL
42,elko,1600657351,41.0,-115.5,63.21,32,1,3.36,US
43,esperance,1600657351,-33.87,121.9,53.6,100,75,13.87,AU
44,puteyets,1600657352,65.17,57.09,38.14,92,100,9.89,RU
45,seoul,1600657173,37.57,126.98,70.88,46,1,3.11,KR
46,fare,1600657352,-16.7,-151.02,78.64,78,4,17.65,PF
47,hobyo,1600657352,5.35,48.53,75.7,83,94,18.95,SO
48,iquique,1600657353,-20.22,-70.14,59.0,77,90,6.93,CL
49,sur,1600657353,22.57,59.53,85.46,59,2,1.54,OM
50,kaeo,1600657353,-35.1,173.78,62.01,69,28,5.99,NZ
51,erzin,1600657354,36.96,36.2,77.0,67,33,2.64,TR
52,avarua,1600657333,-21.21,-159.78,78.8,83,100,3.36,CK
53,georgetown,1600657354,5.41,100.34,84.96,79,20,5.82,MY
54,aklavik,1600657208,68.22,-135.01,35.6,93,90,4.7,CA
55,mataura,1600657355,-46.19,168.86,64.0,41,31,8.99,NZ
56,port alfred,1600656761,-33.59,26.89,56.95,63,12,24.87,ZA
57,kaka,1600657355,37.35,59.61,66.83,31,0,3.78,TM
58,saskylakh,1600656763,71.92,114.08,48.56,68,86,9.93,RU
59,bubaque,1600657356,11.28,-15.83,80.28,79,100,5.37,GW
60,new norfolk,1600657357,-42.78,147.06,62.01,39,20,18.34,AU
61,dikson,1600656589,73.51,80.55,41.67,93,100,14.65,RU
62,vaini,1600656762,-21.2,-175.2,75.2,83,75,12.75,TO
63,gidam,1600657358,18.98,81.4,77.07,89,100,3.85,IN
64,ostrovnoy,1600656818,68.05,39.51,40.5,91,100,7.25,RU
65,college,1600657358,64.86,-147.8,46.85,53,75,1.43,US
66,honiara,1600657261,-9.43,159.95,86.0,79,75,9.17,SB
67,cairns,1600657359,-16.92,145.77,85.12,54,3,13.87,AU
68,sioux lookout,1600657359,50.1,-91.92,62.6,63,90,9.17,CA
69,fushun,1600657359,41.86,123.92,66.2,55,100,2.24,CN
70,tiksi,1600657359,71.69,128.87,47.57,62,20,15.9,RU
71,korla,1600657360,41.76,86.15,65.98,38,0,6.64,CN
72,kieta,1600657326,-6.22,155.63,84.27,73,91,6.33,PG
73,kapaa,1600657360,22.08,-159.32,80.31,74,40,10.29,US
74,dalaba,1600657360,10.7,-12.25,62.53,100,100,1.36,GN
75,anadyr,1600657361,64.75,177.48,46.18,61,40,8.95,RU
76,namatanai,1600656576,-3.67,152.43,86.47,64,52,6.62,PG
77,waipawa,1600657361,-41.41,175.52,56.86,72,6,21.92,NZ
78,vestmannaeyjar,1600657362,63.44,-20.27,45.72,60,72,19.37,IS
79,cabedelo,1600657362,-6.98,-34.83,77.0,83,20,6.93,BR
80,sambava,1600657362,-14.27,50.17,67.48,85,3,10.0,MG
81,manicore,1600656796,-5.81,-61.3,81.32,57,19,1.39,BR
82,gravelbourg,1600657363,49.88,-106.55,58.08,74,100,22.3,CA
83,menemen,1600657363,38.61,27.07,69.8,68,0,5.82,TR
84,hohhot,1600657241,40.81,111.65,60.8,59,83,2.24,CN
85,moultonborough,1600657363,43.75,-71.4,39.67,75,1,2.77,US
86,burnie,1600657364,-41.07,145.92,55.99,69,19,15.01,AU
87,castro,1600657364,-24.79,-50.01,54.37,90,86,10.76,BR
88,albany,1600657206,42.6,-73.97,41.11,61,0,3.71,US
89,hithadhoo,1600657365,-0.6,73.08,81.28,80,98,15.7,MV
90,beian,1600657365,63.66,9.57,52.93,87,75,9.17,NO
91,barrow,1600657365,71.29,-156.79,32.0,90,90,10.29,US
92,blacksburg,1600657317,37.23,-80.41,45.46,71,1,6.93,US
93,mount isa,1600657223,-20.73,139.5,96.8,25,40,14.99,AU
94,chokurdakh,1600656792,70.63,147.92,47.82,61,0,12.59,RU
95,ukiah,1600656834,39.15,-123.21,69.39,38,1,2.91,US
96,butaritari,1600657366,3.07,172.79,82.15,75,3,14.7,KI
97,miramar,1600657366,25.99,-80.23,83.53,74,75,10.29,US
98,chuy,1600657367,-33.7,-53.46,43.2,79,0,6.82,UY
99,nikolskoye,1600657367,59.7,30.79,53.19,81,75,8.95,RU
100,male,1600657309,4.17,73.51,84.2,83,40,10.29,MV
101,atuona,1600657368,-9.8,-139.03,78.53,76,37,20.83,PF
102,richmond,1600657273,37.55,-77.46,53.98,66,1,9.17,US
103,qaanaaq,1600657368,77.48,-69.36,16.05,92,75,3.94,GL
104,muros,1600657368,42.78,-9.06,60.48,95,6,5.35,ES
105,bethel,1600657369,41.37,-73.41,42.48,86,1,4.7,US
106,damietta,1600657369,31.42,31.81,78.37,65,0,6.6,EG
107,cookeville,1600657255,36.16,-85.5,55.0,93,1,5.06,US
108,parrita,1600657370,9.52,-84.32,67.98,94,75,3.36,CR
109,kralendijk,1600657370,12.15,-68.27,80.6,83,2,4.7,BQ
110,thompson,1600656806,55.74,-97.86,64.4,72,75,2.24,CA
111,klaksvik,1600657370,62.23,-6.59,51.8,100,100,10.29,FO
112,paamiut,1600657371,61.99,-49.67,34.23,95,100,12.97,GL
113,qandala,1600657371,11.47,49.87,89.2,53,50,0.98,SO
114,lavrentiya,1600656882,65.58,-171.0,39.6,73,96,14.58,RU
115,novikovo,1600656841,51.15,37.89,41.9,81,0,4.59,RU
116,general roca,1600657372,-39.03,-67.58,52.0,24,97,1.99,AR
117,kavieng,1600657372,-2.57,150.8,85.08,73,81,12.64,PG
118,olafsvik,1600657373,64.89,-23.71,43.29,62,94,17.78,IS
119,roald,1600657270,62.58,6.13,58.15,72,100,31.09,NO
120,vilyuysk,1600657373,63.76,121.62,56.59,57,74,2.73,RU
121,kaitangata,1600657373,-46.28,169.85,55.99,71,0,1.99,NZ
122,oxbow,1600657373,49.23,-102.17,59.0,79,98,11.99,CA
123,lalsot,1600657374,26.57,76.33,86.0,70,40,3.36,IN
124,mar del plata,1600657180,-38.0,-57.56,45.03,75,40,5.82,AR
125,svarstad,1600657374,59.4,9.97,48.76,1,100,2.89,NO
126,saint-leu,1600657375,-21.15,55.28,59.61,68,55,11.41,RE
127,puerto madryn,1600657375,-42.77,-65.04,44.76,60,0,7.18,AR
128,varnavino,1600657376,57.4,45.09,40.42,86,100,8.14,RU
129,coihaique,1600657376,-45.58,-72.07,39.2,76,92,2.24,CL
130,cherskiy,1600657376,68.75,161.3,39.54,69,39,7.07,RU
131,east london,1600657376,-33.02,27.91,59.74,54,99,24.27,ZA
132,bambanglipuro,1600657377,-7.95,110.28,85.35,61,65,14.65,ID
133,dzhebariki-khaya,1600657377,62.22,135.8,58.26,49,24,2.19,RU
134,lujan,1600657377,-34.57,-59.1,52.75,55,0,1.01,AR
135,amboasary,1600657378,-25.03,46.38,66.2,88,0,18.34,MG
136,carnarvon,1600657378,-24.87,113.63,66.2,42,0,20.8,AU
137,lompoc,1600657112,34.64,-120.46,57.13,100,90,8.05,US
138,beloha,1600657378,-25.17,45.05,66.67,27,0,4.41,MG
139,guerrero negro,1600657089,27.98,-114.06,75.42,69,0,14.92,MX
140,naryan-mar,1600657379,67.67,53.09,37.6,87,95,10.92,RU
141,beyneu,1600657379,45.32,55.2,50.99,68,0,11.99,KZ
142,mildura,1600657379,-34.2,142.15,66.09,27,35,12.75,AU
143,lebu,1600657380,-37.62,-73.65,49.05,88,1,9.6,CL
144,fortuna,1600657380,40.6,-124.16,60.6,93,90,9.17,US
145,ongandjera,1600657380,-17.88,15.07,63.28,28,0,7.67,NA
146,byron bay,1600657381,-28.65,153.62,85.5,58,0,13.87,AU
147,kinel-cherkassy,1600657381,53.47,51.47,42.55,85,77,11.54,RU
148,sorland,1600657381,67.67,12.69,50.86,95,100,35.05,NO
149,tigil,1600657382,57.8,158.67,50.47,55,41,10.47,RU
150,adrar,1600657332,20.5,-10.07,85.17,50,96,16.44,MR
151,vila velha,1600657382,-20.33,-40.29,75.09,78,90,8.05,BR
152,lensk,1600657383,60.73,114.93,51.82,78,100,2.39,RU
153,alampur,1600657383,15.88,78.15,75.36,89,100,12.28,IN
154,asau,1600657383,46.43,26.4,46.94,93,100,3.36,RO
155,medvedok,1600657384,57.39,50.04,36.77,89,91,8.39,RU
156,torbay,1600657384,47.67,-52.73,39.4,86,40,6.93,CA
157,dingle,1600657384,11.0,122.67,77.36,92,100,5.12,PH
158,kulhudhuffushi,1600657385,6.62,73.07,82.2,76,100,19.24,MV
159,ocos,1600657385,14.51,-92.19,72.43,100,75,2.91,GT
160,fairbanks,1600657356,64.84,-147.72,46.85,57,40,1.43,US
161,hofn,1600657386,64.25,-15.21,43.99,60,0,10.92,IS
162,dalbandin,1600657386,28.89,64.41,76.86,15,0,5.14,PK
163,genc,1600657386,38.75,40.56,58.6,46,18,2.42,TR
164,puerto escondido,1600657386,15.85,-97.07,81.52,79,96,8.43,MX
165,krasnoselkup,1600657388,65.7,82.47,51.64,83,100,19.75,RU
166,aqtobe,1600657161,50.28,57.21,42.8,87,75,15.66,KZ
167,eyl,1600657388,7.98,49.82,76.51,74,80,12.41,SO
168,saint-joseph,1600657389,-21.37,55.62,60.64,68,39,11.41,RE
169,gizo,1600657389,-8.1,156.84,84.11,71,60,6.58,SB
170,buala,1600657389,-8.14,159.59,84.92,72,55,3.69,SB
171,norman wells,1600657390,65.28,-126.83,50.0,66,75,6.93,CA
172,hambantota,1600657390,6.12,81.12,78.8,100,20,6.93,LK
173,invermere,1600657390,50.52,-116.04,55.99,68,63,3.09,CA
174,constitucion,1600657391,-35.33,-72.42,52.09,77,0,0.51,CL
175,machachi,1600657391,-0.5,-78.57,55.4,93,75,5.82,EC
176,bengkulu,1600657321,-3.8,102.27,85.59,64,10,4.29,ID
177,krasnogorskoye,1600657392,52.3,86.2,57.56,66,0,4.18,RU
178,camacha,1600656851,33.08,-16.33,69.8,83,20,2.24,PT
179,nanortalik,1600657392,60.14,-45.24,37.65,84,92,3.42,GL
180,chipinge,1600657328,-20.19,32.62,59.83,41,0,3.06,ZW
181,najran,1600657393,17.49,44.13,73.4,23,6,4.7,SA
182,port macquarie,1600657124,-31.43,152.92,85.48,62,6,5.01,AU
183,itacoatiara,1600657393,-3.14,-58.44,79.72,69,27,2.46,BR
184,ambon,1600657394,-3.7,128.18,82.42,76,7,8.43,ID
185,ust-tsilma,1600657394,65.44,52.15,32.43,97,63,6.6,RU
186,kumano,1600657394,34.34,132.59,74.3,49,20,6.93,JP
187,dolores,1600657395,-36.31,-57.68,37.42,82,0,5.88,AR
188,linjiang,1600657395,41.81,126.91,68.59,48,64,0.98,CN
189,namibe,1600657395,-15.2,12.15,63.41,82,100,5.48,AO
190,pacific grove,1600657290,36.62,-121.92,60.35,98,5,3.76,US
191,chifeng,1600657396,42.27,118.96,69.44,45,87,9.42,CN
192,mahebourg,1600657396,-20.41,57.7,69.8,77,70,12.75,MU
193,meulaboh,1600657397,4.14,96.13,84.9,61,100,3.36,ID
194,clyde river,1600657397,70.47,-68.59,19.4,100,1,3.36,CA
195,port augusta,1600657397,-32.5,137.77,67.73,28,0,25.28,AU
196,san jose,1600657302,37.34,-121.89,73.92,44,75,12.75,US
197,shelkovskaya,1600657398,43.51,46.34,48.2,70,0,2.24,RU
198,kurchum,1600657398,48.57,83.65,64.02,33,0,4.34,KZ
199,yulara,1600657399,-25.24,130.99,71.6,13,0,6.93,AU
200,nizip,1600657242,37.01,37.79,55.4,66,0,0.31,TR
201,chapais,1600657287,49.78,-74.85,37.4,79,75,4.7,CA
202,vila franca do campo,1600657399,37.72,-25.43,66.2,82,75,12.75,PT
203,aswan,1600657400,24.09,32.91,85.08,27,0,9.33,EG
204,grand gaube,1600657400,-20.01,57.66,73.0,69,96,10.0,MU
205,maceio,1600657165,-9.67,-35.74,73.4,94,75,1.12,BR
206,hokitika,1600657401,-42.72,170.97,54.63,63,92,4.47,NZ
207,archidona,1600657401,37.1,-4.39,67.68,57,100,1.99,ES
208,ust-koksa,1600657401,50.27,85.61,55.18,45,0,1.5,RU
209,los llanos de aridane,1600657402,28.66,-17.92,72.54,78,9,9.17,ES
210,zhigalovo,1600657403,54.81,105.16,49.98,66,75,3.69,RU
211,biasca,1600657403,46.36,8.97,56.12,100,40,1.92,CH
212,manthani,1600657403,18.65,79.67,77.9,89,100,5.26,IN
213,salym,1600657403,60.06,71.48,53.44,65,20,12.46,RU
214,akyab,1600657404,20.15,92.9,83.86,82,100,20.4,MM
215,kinkala,1600657404,-4.36,14.76,70.57,82,25,3.85,CG
216,codrington,1600657404,-38.27,141.97,60.03,62,0,21.18,AU
217,urumqi,1600657405,43.8,87.6,64.4,39,94,4.47,CN
218,yumen,1600656851,40.28,97.2,55.74,57,100,3.83,CN
219,san ignacio,1600657405,17.16,-89.07,77.0,80,92,1.81,BZ
220,bardiyah,1600657405,31.76,25.09,74.68,77,39,17.05,LY
221,tura,1600657406,25.52,90.22,75.34,97,65,7.94,IN
222,lagoa,1600657406,39.05,-27.98,66.45,76,100,17.47,PT
223,abha,1600657406,18.22,42.51,62.6,27,36,6.85,SA
224,mumford,1600657406,5.26,-0.76,75.45,91,94,11.41,GH
225,daliao,1600657407,5.86,124.95,87.8,62,20,4.7,PH
226,victoria,1600657166,22.29,114.16,83.35,84,79,3.0,HK
227,grong,1600657407,64.47,12.31,51.57,89,100,12.71,NO
228,baracoa,1600657407,20.35,-74.5,79.7,77,31,1.05,CU
229,bluff,1600657410,-46.6,168.33,64.0,41,80,8.99,NZ
230,nandu,1600657411,22.85,110.82,88.0,84,86,3.02,CN
231,ribeira grande,1600657411,38.52,-28.7,66.58,78,41,21.83,PT
232,geraldton,1600657412,-28.77,114.6,66.2,42,75,12.75,AU
233,sandwick,1600657412,60.0,-1.25,53.6,100,100,16.11,GB
234,aneho,1600657412,6.23,1.6,77.0,88,75,8.05,TG
235,belyy yar,1600657412,53.6,91.39,51.8,87,0,2.24,RU
236,waingapu,1600657413,-9.66,120.26,87.1,59,32,12.17,ID
237,isangel,1600657413,-19.55,169.27,75.07,69,4,13.8,VU
238,morgan city,1600657413,29.7,-91.21,70.07,100,90,19.46,US
239,daru,1600657413,-9.08,143.21,80.56,77,100,12.95,PG
240,matera,1600657414,40.5,16.42,66.42,93,5,1.12,IT
241,les cayes,1600657414,18.2,-73.75,78.91,79,9,2.37,HT
242,bismarck,1600657208,46.81,-100.78,65.12,40,1,10.29,US
243,baykit,1600657414,61.67,96.37,46.92,76,51,3.2,RU
244,tuatapere,1600657415,-46.13,167.68,64.0,41,91,8.99,NZ
245,tianpeng,1600657415,30.99,103.94,66.2,100,75,6.71,CN
246,bredasdorp,1600657415,-34.53,20.04,46.4,93,83,4.7,ZA
247,grand-santi,1600657416,4.25,-54.38,74.05,93,40,2.91,GF
248,iqaluit,1600657213,63.75,-68.51,32.0,94,75,10.29,CA
249,flinders,1600657416,-34.58,150.86,80.13,59,0,8.01,AU
250,ilulissat,1600657416,69.22,-51.1,28.4,92,100,2.24,GL
251,santa maria,1600657163,-29.68,-53.81,44.6,100,0,2.24,BR
252,srednekolymsk,1600657417,67.45,153.68,40.95,64,0,4.14,RU
253,salimpur,1600657417,28.13,76.28,88.99,36,0,2.73,IN
254,bundaberg,1600657347,-24.85,152.35,81.36,57,40,14.99,AU
255,luderitz,1600657420,-26.65,15.16,56.95,66,25,23.38,NA
256,yorosso,1600657420,12.35,-4.78,71.53,90,100,7.85,ML
257,auki,1600657421,-8.77,160.7,83.23,79,89,1.16,SB
258,sao gabriel da cachoeira,1600657216,-0.13,-67.09,78.17,75,88,1.32,BR
259,kruisfontein,1600657421,-34.0,24.73,54.0,72,45,8.99,ZA
260,karratha,1600657422,-20.74,116.85,82.85,15,0,17.72,AU
261,sitka,1600656871,57.05,-135.33,51.8,76,90,16.11,US
262,togur,1600657422,58.36,82.83,54.77,77,100,11.5,RU
263,durango,1600657265,24.83,-104.83,57.69,74,14,3.94,MX
264,narsaq,1600657386,60.92,-46.05,33.8,55,98,6.93,GL
265,buique,1600657425,-8.62,-37.16,63.28,96,13,6.8,BR
266,clarence town,1600657425,-32.58,151.78,81.54,61,75,8.05,AU
267,carutapera,1600657425,-1.2,-46.02,78.69,82,0,7.56,BR
268,gardony,1600657426,47.21,18.64,58.19,71,0,4.7,HU
269,leningradskiy,1600657426,69.38,178.42,35.98,83,96,13.27,RU
270,sao filipe,1600657426,14.9,-24.5,78.84,79,100,1.54,CV
271,sao joao da barra,1600657426,-21.64,-41.05,70.7,89,99,11.63,BR
272,salalah,1600657427,17.02,54.09,78.8,88,75,3.36,OM
273,biltine,1600657427,14.53,20.92,79.3,65,71,8.01,TD
274,richards bay,1600657427,-28.78,32.04,67.55,69,100,17.69,ZA
275,novaya igirma,1600657427,57.13,103.91,48.94,69,6,2.51,RU
276,port hardy,1600657384,50.7,-127.42,53.6,93,90,8.05,CA
277,egvekinot,1600657428,66.32,-179.17,38.12,75,55,10.27,RU
278,cabo san lucas,1600657370,22.89,-109.91,82.76,78,20,4.54,MX
279,manzanillo,1600657428,20.34,-77.12,78.26,86,8,5.01,CU
280,pisco,1600657429,-13.7,-76.22,60.89,87,28,14.99,PE
281,ucluelet,1600657261,48.93,-125.55,57.99,92,99,2.3,CA
282,dourados,1600657429,-22.22,-54.81,69.62,48,0,10.98,BR
283,keetmanshoop,1600657429,-26.58,18.13,51.8,66,0,10.29,NA
284,ossora,1600657430,59.24,163.07,45.5,58,93,5.84,RU
285,slonim,1600657430,53.09,25.32,48.06,89,0,2.91,BY
286,pascagoula,1600657431,30.37,-88.56,64.78,93,40,10.29,US
287,ierapetra,1600657431,35.01,25.74,72.0,64,0,18.99,GR
288,sakakah,1600657432,29.97,40.21,77.0,14,0,4.88,SA
289,marathon,1600657432,44.9,-89.77,55.71,62,1,8.05,US
290,lingao,1600657432,19.91,109.69,85.8,73,100,8.57,CN
291,saint george,1600657212,37.1,-113.58,89.6,14,1,9.17,US
292,severo-kurilsk,1600657433,50.68,156.12,52.54,68,67,7.45,RU
293,goderich,1600657285,43.75,-81.72,48.0,75,0,15.75,CA
294,puerto leguizamo,1600657436,-0.19,-74.78,72.9,91,36,1.79,CO
295,camana,1600657436,-16.62,-72.71,61.16,76,98,6.78,PE
296,nago,1600657436,26.59,127.98,79.43,83,90,11.41,JP
297,casino,1600657437,-28.87,153.05,86.86,40,0,13.87,AU
298,cuenca,1600657439,-2.88,-78.98,57.2,82,20,14.99,EC
299,claremore,1600657440,36.31,-95.62,66.43,72,1,6.73,US
300,faanui,1600657440,-16.48,-151.75,78.33,79,0,18.7,PF
301,margate,1600657440,51.38,1.39,58.35,73,0,3.0,GB
302,yar-sale,1600657441,66.83,70.83,48.94,90,99,18.66,RU
303,pitimbu,1600657441,-7.47,-34.81,77.0,83,20,6.93,BR
304,alice springs,1600657441,-23.7,133.88,76.68,24,75,8.05,AU
305,plettenberg bay,1600657441,-34.05,23.37,53.19,73,66,11.25,ZA
306,sembe,1600657442,1.65,14.58,69.21,94,100,4.47,CG
307,souillac,1600657442,-20.52,57.52,69.8,77,41,12.75,MU
308,emporia,1600657442,38.4,-96.18,62.6,72,1,8.05,US
309,gisborne,1600657379,-38.65,178.0,66.0,44,41,8.01,NZ
310,abashiri,1600657443,44.02,144.27,67.57,68,75,9.17,JP
311,nchelenge,1600657443,-9.35,28.73,68.9,39,0,3.31,ZM
312,caravelas,1600657443,-17.71,-39.25,71.89,92,7,5.64,BR
313,lazaro cardenas,1600657444,17.96,-102.2,79.16,83,29,3.67,MX
314,cuiluan,1600657444,47.72,128.65,57.72,67,82,1.86,CN
315,elliot lake,1600657213,46.38,-82.63,53.6,71,1,9.17,CA
316,ankazoabo,1600657444,-22.28,44.52,60.42,62,0,2.77,MG
317,roebourne,1600657444,-20.78,117.13,82.62,15,0,19.1,AU
318,mehamn,1600657385,71.04,27.85,43.99,80,86,18.03,NO
319,hualmay,1600657445,-11.1,-77.61,61.41,87,59,8.52,PE
320,avera,1600657445,33.19,-82.53,61.27,87,1,5.82,US
321,moron,1600657250,-34.65,-58.62,53.91,51,0,4.0,AR
322,talara,1600657446,-4.58,-81.27,63.09,87,91,15.48,PE
323,stantsionno-oyashinskiy,1600657446,55.47,83.82,55.6,73,74,10.33,RU
324,port hedland,1600657446,-20.32,118.57,82.4,8,0,18.34,AU
325,moba,1600657446,33.23,105.02,51.19,100,100,5.12,CN
326,nybro,1600657447,56.74,15.91,53.8,87,100,3.36,SE
327,koksovyy,1600657447,48.2,40.6,42.15,66,0,2.48,RU
328,bay roberts,1600657260,47.6,-53.26,41.4,13,62,2.91,CA
329,wenceslau braz,1600657447,-23.87,-49.8,57.99,99,0,1.99,BR
330,arraial do cabo,1600657299,-22.97,-42.03,69.82,91,100,8.59,BR
331,snezhnogorsk,1600657448,69.19,33.25,32.0,90,11,4.47,RU
332,idrinskoye,1600657448,54.37,92.14,55.15,70,46,4.65,RU
333,la tuque,1600657448,47.43,-72.78,34.2,86,5,2.82,CA
334,taltal,1600657248,-25.4,-70.48,56.84,70,3,3.4,CL
335,lasa,1600657449,46.62,10.7,46.6,100,90,0.51,IT
336,virginia beach,1600657372,36.85,-75.98,62.02,48,40,17.22,US
337,coahuayana,1600657449,18.73,-103.68,79.43,83,100,3.04,MX
338,mayo,1600657449,38.89,-76.51,55.92,51,1,10.29,US
339,victor harbor,1600657450,-35.57,138.62,63.0,62,13,5.99,AU
340,acarau,1600657157,-2.89,-40.12,77.29,84,16,15.23,BR
341,severodvinsk,1600657450,64.56,39.83,41.0,100,90,4.47,RU
342,henties bay,1600657450,-22.12,14.28,48.99,94,14,5.01,NA
343,veinticinco de mayo,1600657451,-35.43,-60.17,42.01,62,0,1.01,AR
344,saldanha,1600657451,-33.01,17.94,44.6,87,49,3.36,ZA
345,ayan,1600657451,56.45,138.17,52.74,77,96,5.39,RU
346,burley,1600657261,42.54,-113.79,62.6,48,1,3.36,US
347,muli,1600657452,2.92,73.57,82.45,74,49,7.7,MV
348,sarangani,1600657452,5.4,125.46,84.9,66,28,5.99,PH
349,kodinsk,1600657452,58.69,99.18,51.98,63,0,2.86,RU
350,alofi,1600657453,-19.06,-169.92,75.2,88,75,13.87,NU
351,awjilah,1600657453,29.11,21.29,69.13,60,0,7.78,LY
352,maniitsoq,1600657453,65.42,-52.9,33.62,89,89,6.4,GL
353,brae,1600657453,60.4,-1.35,53.6,100,99,16.11,GB
354,chegdomyn,1600657454,51.12,133.02,60.03,48,0,3.15,RU
355,roma,1600657337,43.21,-75.46,42.03,75,1,3.89,US
356,puerto vallarta,1600657392,20.62,-105.23,80.26,88,75,2.77,MX
357,north charleston,1600657226,32.89,-80.01,65.35,63,1,16.11,US
358,havre-saint-pierre,1600657455,50.23,-63.6,35.6,93,1,5.82,CA
359,tautira,1600657455,-17.73,-149.15,84.2,58,75,8.05,PF
360,joshimath,1600657455,30.57,79.57,72.16,29,0,2.04,IN
361,besikduzu,1600657455,41.05,39.23,69.8,83,75,3.2,TR
362,elizabeth city,1600657456,36.29,-76.25,58.59,55,1,18.34,US
363,ko samui,1600657456,9.54,99.94,87.8,70,20,5.82,TH
364,pochutla,1600657456,15.74,-96.47,80.82,78,75,3.58,MX
365,palora,1600657456,-1.7,-77.93,64.38,94,82,3.0,EC
366,pevek,1600657457,69.7,170.31,36.77,81,100,10.83,RU
367,kampot,1600657457,10.62,104.18,85.23,70,20,6.93,KH
368,praia da vitoria,1600657458,38.73,-27.07,65.68,82,75,14.2,PT
369,zaraza,1600657458,9.35,-65.32,75.6,94,17,2.57,VE
370,albanel,1600657458,48.88,-72.45,42.8,80,20,9.17,CA
371,half moon bay,1600657458,37.46,-122.43,65.75,100,90,5.82,US
372,zhireken,1600657459,52.82,117.31,48.38,82,99,5.19,RU
373,mercedes,1600657459,-34.65,-59.43,49.35,55,0,6.51,AR
374,champerico,1600657459,14.3,-91.92,65.05,97,100,3.69,GT
375,talnakh,1600657459,69.49,88.4,46.4,87,75,26.84,RU
376,timra,1600657460,62.49,17.33,45.46,93,96,1.12,SE
377,boda,1600657460,4.32,17.47,67.95,96,100,2.82,CF
378,airai,1600657460,-8.93,125.41,77.22,60,6,6.58,TL
379,porbandar,1600657460,21.64,69.61,82.9,81,100,9.26,IN
380,bambous virieux,1600657462,-20.34,57.76,71.33,77,84,12.75,MU
381,ribeira brava,1600657462,32.65,-17.07,65.95,77,40,4.7,PT
382,kargasok,1600657462,59.06,80.86,55.94,70,97,14.23,RU
383,urucui,1600657463,-7.23,-44.56,79.93,38,1,3.67,BR
384,comodoro rivadavia,1600657189,-45.87,-67.5,42.8,52,34,2.24,AR
385,alihe,1600657463,50.57,123.72,57.63,49,96,5.46,CN
386,buckeye,1600657409,33.37,-112.58,93.47,18,22,6.49,US
387,coquimbo,1600657464,-29.95,-71.34,53.6,87,5,4.7,CL
388,terra roxa,1600657465,-23.86,-50.03,57.99,99,0,1.99,BR
389,grants pass,1600657465,42.44,-123.33,70.32,36,1,8.05,US
390,bathsheba,1600657264,13.22,-59.52,82.4,83,20,8.05,BB
391,cockburn town,1600657212,21.46,-71.14,83.39,67,73,5.88,TC
392,sibolga,1600657465,1.74,98.78,84.63,67,69,1.77,ID
393,atasu,1600657466,48.68,71.64,54.59,42,0,13.6,KZ
394,nicoya,1600657209,10.15,-85.45,78.8,94,100,2.71,CR
395,nizhnyaya poyma,1600657466,56.16,97.19,53.94,87,100,5.41,RU
396,usinsk,1600657467,65.99,57.53,38.8,95,95,8.39,RU
397,provideniya,1600657467,64.38,-173.3,42.8,75,75,6.71,RU
398,kindu,1600657467,-2.95,25.95,70.81,94,100,1.01,CD
399,palmer,1600657365,42.16,-72.33,39.97,61,1,4.7,US
400,romodanovo,1600657468,54.43,45.33,40.35,89,94,11.74,RU
401,port moresby,1600657469,-9.44,147.18,89.6,66,20,17.22,PG
402,kintampo,1600657469,8.06,-1.73,69.94,96,89,4.41,GH
403,nanakuli,1600657469,21.39,-158.15,82.87,48,40,9.17,US
404,do gonbadan,1600657469,30.36,50.8,69.8,46,0,3.2,IR
405,irbeyskoye,1600657470,55.64,95.45,54.91,77,99,5.3,RU
406,kununurra,1600657470,-15.77,128.73,96.8,37,40,6.93,AU
407,grindavik,1600657470,63.84,-22.43,41.0,59,40,6.93,IS
408,muroto,1600657471,33.28,134.15,78.8,54,20,5.82,JP
409,woodward,1600657471,36.43,-99.39,60.94,71,1,8.05,US
410,takoradi,1600657471,4.88,-1.76,75.2,92,100,10.29,GH
411,lufilufi,1600657472,-13.87,-171.6,85.15,79,75,4.7,WS
412,jalu,1600657472,29.03,21.55,69.39,61,0,7.83,LY
413,tyrma,1600657472,50.08,132.17,63.36,49,0,1.01,RU
414,seddon,1600657473,-37.81,144.89,64.36,51,95,16.11,AU
415,shenzhen,1600657326,22.55,114.07,87.66,79,40,6.71,CN
416,copiapo,1600657473,-27.37,-70.33,55.4,76,0,4.7,CL
417,port blair,1600657473,11.67,92.75,84.07,77,100,19.17,IN
418,mitu,1600657474,1.2,-70.17,73.67,95,98,2.89,CO
419,mahanoro,1600657477,-19.9,48.8,65.59,86,19,3.96,MG
420,sabang,1600657480,5.89,95.32,84.2,69,99,4.0,ID
421,falun,1600657481,60.6,15.63,49.93,81,48,8.05,SE
422,stepnoye,1600657483,51.4,46.87,44.01,65,34,7.0,RU
423,alta floresta,1600657234,-9.88,-56.09,72.18,88,48,2.77,BR
424,boa vista,1600657489,2.82,-60.67,84.2,66,1,4.7,BR
425,cap-chat,1600657489,49.1,-66.68,42.42,65,0,9.91,CA
426,abu samrah,1600657490,35.3,37.18,64.94,46,0,2.64,SY
427,vardo,1600657490,70.37,31.11,35.6,93,16,4.7,NO
428,viedma,1600657491,-40.81,-63.0,35.67,84,0,2.95,AR
429,ballina,1600657491,-28.87,153.57,85.41,58,0,13.87,AU
430,glens falls,1600657060,43.31,-73.64,41.49,86,1,4.45,US
431,manjacaze,1600657491,-24.71,33.88,68.34,51,0,7.4,MZ
432,una,1600657492,20.82,71.03,81.05,76,100,3.85,IN
433,tommot,1600657499,58.96,126.29,60.21,43,0,2.64,RU
434,portland,1600657066,45.52,-122.68,64.96,69,88,2.51,US
435,hofu,1600657500,34.05,131.57,76.33,47,20,11.41,JP
436,kandrian,1600657500,-6.22,149.55,82.0,81,49,11.01,PG
437,touros,1600657501,-5.2,-35.46,77.0,83,40,11.41,BR
438,ouegoa,1600657501,-20.35,164.43,76.68,52,5,10.63,NC
439,vieques,1600657502,18.43,-65.83,79.03,70,20,5.82,PR
440,laguna,1600657502,38.42,-121.42,79.56,41,1,8.14,US
441,sibu,1600657502,2.3,111.82,82.15,83,40,3.36,MY
442,chitral,1600657503,35.85,71.79,74.77,16,0,5.08,PK
443,shimoda,1600657388,34.67,138.95,70.68,83,75,3.36,JP
444,maningrida,1600657503,-12.07,134.27,87.42,56,51,12.82,AU
445,okmulgee,1600657503,35.62,-95.96,66.2,88,1,4.7,US
446,ritchie,1600657504,-29.04,24.6,57.2,26,100,8.05,ZA
447,vanavara,1600657504,60.34,102.28,45.97,74,7,4.97,RU
448,yellandu,1600657504,17.6,80.33,77.95,88,100,6.29,IN
449,san quintin,1600657504,30.48,-115.95,70.21,81,0,11.97,MX
450,bandarbeyla,1600657505,9.49,50.81,76.71,75,18,24.16,SO
451,syamzha,1600657505,60.02,41.06,44.02,94,100,11.92,RU
452,ullapool,1600657505,57.9,-5.16,52.0,81,100,1.99,GB
453,illela,1600657506,13.73,5.3,79.09,72,39,12.64,NG
454,bemidji,1600657506,47.47,-94.88,62.85,67,1,10.29,US
455,terme,1600657506,41.21,36.97,64.4,88,75,0.92,TR
456,pouembout,1600657507,-21.13,164.9,78.94,40,0,6.51,NC
457,svetlyy,1600657507,54.67,20.13,48.2,100,3,7.02,RU
458,tevriz,1600657507,57.51,72.4,53.04,66,26,9.93,RU
459,verkhnyaya inta,1600657507,65.98,60.31,37.58,95,97,10.4,RU
460,gurun,1600657508,5.82,100.47,83.16,79,20,5.82,MY
461,youkounkoun,1600657508,12.53,-13.13,74.44,97,100,3.8,GN
462,usakos,1600657508,-22.0,15.6,51.39,54,0,5.1,NA
463,kargopol,1600657508,61.51,38.95,44.69,93,100,8.39,RU
464,kudahuvadhoo,1600657509,2.67,72.89,82.47,75,13,9.22,MV
465,tromso,1600657509,69.65,18.96,44.6,81,75,21.92,NO
466,zabid,1600657509,14.2,43.32,87.3,69,64,4.21,YE
467,sanming,1600657510,26.25,117.62,80.47,73,84,3.65,CN
468,makakilo city,1600657510,21.35,-158.09,83.28,48,40,9.17,US
469,kyren,1600657511,51.68,102.14,54.19,52,49,1.86,RU
470,price,1600657248,39.6,-110.81,71.6,19,1,6.93,US
471,inhambane,1600657511,-23.86,35.38,68.61,83,0,8.88,MZ
472,panguna,1600657511,-6.32,155.48,77.23,91,98,0.4,PG
473,stephenville,1600657512,32.22,-98.2,67.24,64,40,6.91,US
474,dakar,1600657281,14.69,-17.44,78.8,88,20,3.36,SN
475,lakatoro,1600657512,-16.1,167.42,82.4,69,40,9.17,VU
476,mahibadhoo,1600657512,3.78,72.97,81.99,78,69,9.95,MV
477,okhotsk,1600657512,59.38,143.3,53.98,54,0,10.18,RU
478,deputatskiy,1600657513,69.3,139.9,48.65,55,0,1.32,RU
479,villa sandino,1600657513,12.05,-84.99,71.92,93,92,4.97,NI
480,rocha,1600657265,-34.48,-54.33,40.5,83,6,4.68,UY
481,mastic beach,1600657513,40.77,-72.85,46.18,70,1,14.7,US
482,almaznyy,1600657514,48.04,40.05,41.0,60,0,2.24,RU
483,rohnert park,1600657514,38.34,-122.7,68.68,64,75,2.51,US
484,belaya gora,1600657514,68.53,146.42,48.33,52,0,8.39,RU
485,vestmanna,1600657515,62.16,-7.17,51.8,100,100,10.29,FO
486,faya,1600657515,18.39,42.45,62.6,27,31,4.21,SA
487,ibra,1600657515,22.69,58.53,84.38,26,13,4.43,OM
488,havoysund,1600657516,71.0,24.66,42.8,81,75,10.29,NO
489,megion,1600657516,61.03,76.11,55.4,62,86,15.66,RU
490,doka,1600657516,13.52,35.77,69.82,94,18,6.64,SD
491,eureka,1600657516,40.8,-124.16,60.4,92,1,1.99,US
492,acari,1600657517,-15.43,-74.62,63.32,60,72,3.33,PE
493,sinsheim,1600657517,49.25,8.88,53.35,86,0,5.46,DE
494,yantal,1600657517,56.85,105.25,46.96,71,45,4.0,RU
495,whyalla,1600657517,-33.03,137.58,69.8,28,0,25.28,AU
496,gurupi,1600657300,-11.73,-49.07,83.1,47,76,4.27,BR
497,maragogi,1600657518,-9.01,-35.22,74.86,88,16,9.89,BR
498,ahipara,1600657518,-35.17,173.17,61.11,67,96,5.91,NZ
499,taoudenni,1600657518,22.68,-3.98,92.62,28,19,11.45,ML
500,ancud,1600657519,-41.87,-73.82,44.73,35,85,1.01,CL
501,sabha,1600657519,27.04,14.43,71.78,47,0,9.19,LY
502,el campo,1600657240,29.2,-96.27,71.87,94,90,11.41,US
503,bonthe,1600657520,7.53,-12.51,75.9,90,100,6.87,SL
504,florianopolis,1600657434,-27.61,-48.5,57.56,67,75,1.12,BR
505,sola,1600657520,-13.88,167.55,79.07,81,82,18.34,VU
506,rudbar,1600657521,30.15,62.6,66.78,25,0,9.8,AF
507,zambezi,1600657521,-13.54,23.1,65.86,37,1,5.84,ZM
508,vemalwada,1600657522,18.47,78.88,77.83,85,100,9.48,IN
509,shawnee,1600657522,39.05,-95.77,61.16,72,1,6.93,US
510,capaci,1600657522,38.17,13.24,75.24,73,0,4.7,IT
511,rio grande,1600657301,-32.03,-52.1,49.73,71,0,10.63,BR
512,westport,1600657522,41.14,-73.36,46.27,50,1,5.82,US
513,marabba,1600657523,12.35,32.18,75.15,80,21,8.93,SD
514,dzaoudzi,1600657523,-12.79,45.27,71.6,94,0,2.24,YT
515,qaqortoq,1600657523,60.72,-46.03,33.8,55,94,6.93,GL
516,kobelyaky,1600657523,49.15,34.2,43.61,71,16,3.02,UA
517,nantucket,1600657497,41.28,-70.1,54.72,46,1,12.75,US
518,barcelos,1600657524,41.54,-8.62,60.08,100,40,5.82,PT
519,quthing,1600657524,-30.4,27.7,53.87,34,100,3.18,LS
520,hutchinson,1600657314,38.06,-97.93,62.85,67,1,10.29,US
521,benguela,1600657524,-12.58,13.41,70.41,85,99,1.92,AO
522,katsuura,1600657525,35.13,140.3,73.02,78,75,3.36,JP
523,montpelier,1600657525,44.26,-72.58,35.74,80,1,1.5,US
524,oskaloosa,1600657526,41.3,-92.64,55.98,71,1,6.93,US
525,pali,1600657526,25.77,73.33,86.29,70,4,9.13,IN
526,saint-ambroise,1600657526,48.55,-71.33,35.31,80,5,5.82,CA
527,el pedernal,1600657527,14.7,-87.12,70.2,82,60,1.74,HN
528,kokopo,1600657527,-4.35,152.26,86.68,62,58,10.07,PG
529,dawei,1600657527,14.08,98.2,84.42,76,97,5.53,MM
530,waddan,1600657528,29.16,16.14,66.06,80,0,3.96,LY
531,kourou,1600657528,5.16,-52.65,77.0,100,0,7.34,GF
532,kathu,1600657528,7.92,98.33,84.67,74,20,5.82,TH
533,hays,1600657528,30.05,-98.03,68.14,95,100,3.0,US
534,oranjemund,1600657529,-28.55,16.43,54.68,85,0,13.58,NA
535,magadan,1600657529,59.57,150.8,46.2,53,5,4.65,RU
536,quatre cocos,1600657529,-20.21,57.76,71.49,77,92,12.75,MU
537,peniche,1600657530,39.36,-9.38,62.64,93,99,2.8,PT
538,padang,1600657530,-0.95,100.35,80.04,79,94,3.2,ID
539,marzuq,1600657530,14.4,46.47,75.4,44,8,1.68,YE
540,addis abeba,1600657531,9.03,38.75,53.6,100,75,6.93,ET
541,tetelzingo,1600657531,19.07,-97.15,51.53,100,100,2.51,MX
542,homer,1600657531,59.64,-151.55,50.2,76,90,6.93,US
543,gat,1600657531,31.61,34.76,73.02,79,0,4.36,IL
544,diglur,1600657532,18.55,77.6,78.46,82,100,7.11,IN
545,manono,1600657532,-7.3,27.42,72.75,76,37,2.55,CD
546,kavaratti,1600657532,10.57,72.64,81.54,79,100,25.61,IN
547,gualaquiza,1600657533,-3.4,-78.55,61.9,88,69,1.28,EC
548,banda aceh,1600657533,5.56,95.32,86.79,58,100,1.97,ID
